pathway,pval,padj,log2err,ES,NES,size,leadingEdge
1,0.20962096209620962,0.5764576457645765,0.028020170993616672,0.3305037923453805,1.1469222785952875,75,
10,0.1174130368254616,0.5764576457645765,0.0400121594010984,0.42196146300419535,1.2955874522264768,24,
11,0.37244527440605874,0.639036096390361,0.01928011364036501,0.3715329813672506,1.0886594726395453,18,
12,0.1626724763979666,0.5764576457645765,0.03346192708860291,0.4301652326635043,1.2604626744466925,18,
2,0.0033996600339966003,0.037396260373962605,0.24883263202204342,0.36616027074435004,1.3418259209722683,219,
3,0.5907239109996866,0.7957093179570932,0.012647696560278499,0.3248175552805298,0.9389582259768741,17,
4,0.4066593340665933,0.639036096390361,0.017427177829208905,0.29443574408189366,1.0402107502302724,99,
5,0.9828017198280172,0.9828017198280172,0.0019084653695004752,0.17917691114289203,0.6261190627617574,84,
6,0.350785864450896,0.639036096390361,0.01964576985793843,0.32667876926273687,1.0871229573132009,45,
8,0.651034896510349,0.7957093179570932,0.010562560824243113,0.2607459473730731,0.9464707910551969,165,
9,0.9408783783783784,0.9828017198280172,0.0050431538286311505,0.20741549258934727,0.5852737419973592,15,
