pathway,pval,padj,log2err,ES,NES,size,leadingEdge
1,0.7594846098783107,0.9282589676290465,0.013573926646852374,-0.11079622023965169,-0.7833564593678215,78,
10,0.34987661091307926,0.5498061028634103,0.03773168112305513,0.19614583634534813,1.072423676673721,24,
11,0.9790783898305084,0.9978237214363439,0.018839806019265073,0.10981209993218821,0.5436239769415143,19,
12,0.9978237214363439,0.9978237214363439,0.018957600308321016,0.08750000000000002,0.46982688888647606,23,
2,2.1948659171932117e-15,2.414352508912533e-14,1.0073179568744748,0.41100199811769916,3.9820872383337043,135,
4,2.4193908015394264e-4,0.0013306649408466845,0.5188480777437918,-0.2906089116541173,-2.1673822100272577,95,
5,0.07748496132913206,0.21308364365511318,0.060354733338943714,-0.20439327837110868,-1.440161494501298,77,
6,0.3398702235039654,0.5498061028634103,0.02598305991670699,-0.15889102997100418,-1.091889381961878,71,
7,0.577018249304052,0.7934000927930714,0.01870311430803581,-0.1767349836919988,-0.9068330514735571,29,
8,0.002235077570339206,0.008195284424577088,0.35481951210374685,-0.21202226327805299,-1.8899681608634094,215,
9,0.16891684565817736,0.3716170604479902,0.0410264221970887,-0.23534045555869487,-1.2858409361857392,35,
