pathway,pval,padj,log2err,ES,NES,size,leadingEdge
1,0.012502201091741504,0.03750660327522451,0.171214318379654,-0.20243930742877786,-1.858879872118252,76,
10,7.255704298575551e-4,0.004353422579145331,0.47727081536286214,0.3756202301998625,2.2751836048067893,26,
11,0.5263545890158496,0.7018061186877995,0.02282042420288077,-0.20229649759127816,-0.932224815003286,16,
12,0.7196363636363636,0.8107851342486824,0.017827051349042042,-0.14815197201021985,-0.7929191890430878,22,
2,0.7432197063946255,0.8107851342486824,0.022108806581103826,0.05816551251781871,0.7977027435533319,167,
3,0.8494553376906319,0.8494553376906319,0.01804891137340367,0.14003055614668625,0.6987841194355582,17,
4,7.112215722145222e-4,0.004353422579145331,0.47727081536286214,-0.23061906926674122,-2.3731218913407965,101,
5,0.4215462031107045,0.6795257476552823,0.03035650560204271,0.11649033020185584,1.012178102482234,56,
6,0.4530171651035215,0.6795257476552823,0.024598111373244077,-0.12355760307875932,-0.9902843699207111,55,
7,0.3181818181818182,0.6395078150981044,0.034955345618270614,0.22986848074610644,1.1089860234425308,16,
8,0.3197539075490522,0.6395078150981044,0.0295721176973961,-0.08669413080381215,-1.1044744640075768,189,
9,0.0058545372663814455,0.023418149065525782,0.2853133921438723,0.29600317094564005,2.012792987652868,33,
