pathway,pval,padj,log2err,ES,NES,size,leadingEdge
1,0.31433143314331435,0.8644114411441145,0.021312027922152418,0.2577085439829442,1.0751880203012716,88,
10,0.6160048377343278,0.9214453076828216,0.01150823560301063,0.24842314973354918,0.9405317953869728,36,
11,0.07715042804728903,0.42432735426008966,0.050430021103155684,0.3626813994936188,1.3182261093302083,28,
12,0.5821139875166275,0.9214453076828216,0.012560420403153213,0.26456434883178814,0.9483380796906182,26,
2,0.0010768852432872765,0.011845737676160041,0.45505986738722953,0.32228668654484316,1.3974212471034375,162,
4,0.4087226167850355,0.8991897569270783,0.017358749948450575,0.25137580717262364,1.0360223608985157,76,
5,0.2731819545863759,0.8644114411441145,0.023540180771536127,0.26767876150866055,1.0985720199730433,72,
6,0.9275057574847302,0.9897010298970103,0.004072187361503122,0.18506087589649745,0.7453495534918769,60,
7,0.6919041250900113,0.9214453076828216,0.010067161707081475,0.25013066562160313,0.8833867288801719,24,
8,0.9897010298970103,0.9897010298970103,0.0014717008423638842,0.16273051602873512,0.7114424163345824,194,
9,0.7539097971950358,0.9214453076828216,0.00839332800588645,0.22805840575430592,0.8568094386024487,34,
