pathway,pval,padj,log2err,ES,NES,size,leadingEdge
1,0.07874293785310735,0.4155925668557082,0.095636421370719,-0.1398106873642457,-1.4446681795925396,77,
10,0.23126098769378298,0.4155925668557082,0.035082382211832845,0.21380417601967838,1.2005000236961791,26,
11,0.24242899733249648,0.4155925668557082,0.033756095256854864,0.1951809269044401,1.1892613623336334,31,
12,0.02372791985235961,0.2847350382283153,0.15181288128745332,-0.29579284617969875,-1.7146654871555693,23,
2,0.42887249736564803,0.4910112212431095,0.02076566323373892,0.09777229565452228,1.0206018398315015,129,
3,0.23362112747587607,0.4155925668557082,0.04533719316522172,-0.23625543324302634,-1.1853366999087913,17,
4,0.7905614881157423,0.7905614881157423,0.02643833789493013,-0.07638171843964904,-0.767710941768154,73,
5,0.45009361947285037,0.4910112212431095,0.021401358830179948,0.12503808852126974,0.9940381639891017,60,
6,0.1436704621567314,0.4155925668557082,0.06818510454943841,-0.1330293251586039,-1.308822075402236,69,
7,0.369769291964996,0.4910112212431095,0.026223346254918074,0.18489597736250352,1.058067875403997,27,
8,0.19549616431576342,0.4155925668557082,0.033310848237735224,0.1010668173626208,1.249156172775787,231,
9,0.4275022013501614,0.4910112212431095,0.022505702119739537,0.13471859257997687,1.009825427804043,51,
