pathway,pval,padj,log2err,ES,NES,size,leadingEdge
1,0.2827164764210769,0.78419947053407,0.025315845807360526,0.25845880745137884,1.1456781842717738,66,
10,0.7147100424328147,0.8735344963067736,0.014276618846842639,0.2372469810414542,0.801454897335544,19,
11,0.5544179523141655,0.78419947053407,0.01784570181319017,0.27185885960696005,0.9301012756864343,20,
12,0.0822757735633823,0.45251675459860263,0.05832860730117554,0.4390619817494058,1.4630875545904722,18,
2,0.0735356990166738,0.45251675459860263,0.053097257605142945,0.27946454858825454,1.3437556456805901,126,
4,0.973920763511264,0.973920763511264,0.0053900871890911,0.12245751229545518,0.5646643853286011,88,
5,0.43090352567736084,0.78419947053407,0.018426343217477752,0.2280939340514031,1.0302805215443172,76,
6,0.5703268876611418,0.78419947053407,0.014559195819947508,0.21057546993318038,0.9351246268163964,67,
7,0.8011214953271028,0.8812336448598131,0.02762862512811316,-0.166247808316947,-0.7508019768435085,24,
8,0.5243664717348928,0.78419947053407,0.014111930011129212,0.19639580537598292,0.9810077879850054,206,
9,0.5591576260370134,0.78419947053407,0.01634067512752296,0.2375002151668885,0.930955884237735,35,
