pathway,pval,padj,log2err,ES,NES,size,leadingEdge
1,0.17588825603471658,0.2418463520477353,0.03737978939469848,-0.1532306089756217,-1.2758831103589816,73,
10,0.08584785380365491,0.18886527836804082,0.05682702857188093,-0.20145808180702016,-1.4484644501563606,49,
11,0.049469436556568526,0.15849886030608923,0.07803528407169529,-0.2555233475457367,-1.5618358476076974,33,
12,1.5172141625925632e-4,0.0016689355788518194,0.5188480777437918,-0.470191729089335,-2.471719088303362,23,
2,0.4139600050948924,0.5059511173382019,0.02079406813901057,-0.10716821145684387,-1.0387468099492867,114,
4,0.8083832335329342,0.8083832335329342,0.02643833789493013,0.08294892855644032,0.7546670685240271,59,
5,0.057635949202214265,0.15849886030608923,0.10763038966489588,0.18552221419341353,1.49392514416518,45,
6,0.10475454194047158,0.19204999355753122,0.08652392518108788,0.13238213826380185,1.3563045998866563,77,
7,0.7002174588381485,0.7702392047219634,0.01592577633851907,-0.1563568356937517,-0.8084984164294984,22,
8,0.16787003610108303,0.2418463520477353,0.08523709707436085,0.08159546441923271,1.23881234533649,213,
9,0.013994002570327003,0.07696701413679852,0.1453927802364807,-0.24700651475345978,-1.7828651091774106,50,
